﻿{
   "CodeGenerationMode": 4,
   "ContextClassName": "DIAMOND_DBContext",
   "ContextNamespace": null,
   "FilterSchemas": false,
   "IncludeConnectionString": false,
   "ModelNamespace": null,
   "OutputContextPath": null,
   "OutputPath": "Models",
   "PreserveCasingWithRegex": true,
   "ProjectRootNamespace": "Model",
   "Schemas": null,
   "SelectedHandlebarsLanguage": 2,
   "SelectedToBeGenerated": 0,
   "T4TemplatePath": null,
   "Tables": [
      {
         "Name": "[dbo].[Address]",
         "ObjectType": 0
      },
      {
         "Name": "[dbo].[Cart]",
         "ObjectType": 0
      },
      {
         "Name": "[dbo].[CartProduct]",
         "ObjectType": 0
      },
      {
         "Name": "[dbo].[Category]",
         "ObjectType": 0
      },
      {
         "Name": "[dbo].[Cover]",
         "ObjectType": 0
      },
      {
         "Name": "[dbo].[CoverInventory]",
         "ObjectType": 0
      },
      {
         "Name": "[dbo].[CoverMetaltype]",
         "ObjectType": 0
      },
      {
         "Name": "[dbo].[CoverSize]",
         "ObjectType": 0
      },
      {
         "Name": "[dbo].[Customer]",
         "ObjectType": 0
      },
      {
         "Name": "[dbo].[CustomerVoucher]",
         "ObjectType": 0
      },
      {
         "Name": "[dbo].[DeliveryStaff]",
         "ObjectType": 0
      },
      {
         "Name": "[dbo].[Diamond]",
         "ObjectType": 0
      },
      {
         "Name": "[dbo].[favorite]",
         "ObjectType": 0
      },
      {
         "Name": "[dbo].[favoriteProduct]",
         "ObjectType": 0
      },
      {
         "Name": "[dbo].[Manager]",
         "ObjectType": 0
      },
      {
         "Name": "[dbo].[Metaltype]",
         "ObjectType": 0
      },
      {
         "Name": "[dbo].[Order]",
         "ObjectType": 0
      },
      {
         "Name": "[dbo].[Product]",
         "ObjectType": 0
      },
      {
         "Name": "[dbo].[ProductOrder]",
         "ObjectType": 0
      },
      {
         "Name": "[dbo].[Request]",
         "ObjectType": 0
      },
      {
         "Name": "[dbo].[Review]",
         "ObjectType": 0
      },
      {
         "Name": "[dbo].[SaleStaff]",
         "ObjectType": 0
      },
      {
         "Name": "[dbo].[Shipping]",
         "ObjectType": 0
      },
      {
         "Name": "[dbo].[ShippingMethod]",
         "ObjectType": 0
      },
      {
         "Name": "[dbo].[Size]",
         "ObjectType": 0
      },
      {
         "Name": "[dbo].[SubCategory]",
         "ObjectType": 0
      },
      {
         "Name": "[dbo].[User]",
         "ObjectType": 0
      },
      {
         "Name": "[dbo].[Voucher]",
         "ObjectType": 0
      }
   ],
   "UiHint": null,
   "UncountableWords": null,
   "UseAsyncStoredProcedureCalls": true,
   "UseBoolPropertiesWithoutDefaultSql": false,
   "UseDatabaseNames": false,
   "UseDateOnlyTimeOnly": true,
   "UseDbContextSplitting": false,
   "UseDecimalDataAnnotationForSprocResult": true,
   "UseFluentApiOnly": true,
   "UseHandleBars": false,
   "UseHierarchyId": true,
   "UseInflector": true,
   "UseLegacyPluralizer": false,
   "UseManyToManyEntity": true,
   "UseNoDefaultConstructor": false,
   "UseNoNavigations": false,
   "UseNoObjectFilter": false,
   "UseNodaTime": false,
   "UseNullableReferences": false,
   "UsePrefixNavigationNaming": false,
   "UseSchemaFolders": false,
   "UseSchemaNamespaces": false,
   "UseSpatial": false,
   "UseT4": false
}